"Date","Price","Open","High","Low","Vol.","Change %"
"12/30/2024","132,380.58","133,261.97","133,691.05","132,001.55","","-0.58%"
"12/27/2024","133,148.41","133,940.73","134,232.73","132,836.86","","-0.48%"
"12/26/2024","133,786.19","133,163.02","134,266.41","133,085.13","","0.66%"
"12/25/2024","132,907.34","133,048.06","133,190.48","132,760.53","","0.02%"
"12/24/2024","132,881.22","133,487.16","134,054.70","132,844.78","","-0.31%"
"12/23/2024","133,289.48","133,481.20","134,220.47","133,214.88","","0.00%"
"12/20/2024","133,293.38","132,089.83","133,991.06","131,860.44","","1.02%"
"12/19/2024","131,942.55","131,480.61","133,793.58","131,422.42","","0.47%"
"12/18/2024","131,319.02","134,371.80","134,900.59","131,396.03","","-2.17%"
"12/17/2024","134,238.17","134,785.80","135,181.06","133,703.73","","-0.27%"
"12/16/2024","134,597.38","134,560.06","135,626.09","134,281.94","","0.09%"
"12/13/2024","134,472.47","136,251.48","136,859.17","134,464.69","","-1.18%"
"12/12/2024","136,074.77","137,573.50","138,394.91","135,999.06","","-0.98%"
"12/11/2024","137,414.58","135,898.45","137,808.95","134,932.59","","1.27%"
"12/10/2024","135,688.39","134,354.56","136,002.88","134,226.50","","1.14%"
"12/09/2024","134,157.41","132,356.13","135,191.30","131,977.83","","2.05%"
"12/06/2024","131,461.20","131,547.89","132,231.61","130,626.49","","0.08%"
"12/05/2024","131,359.84","131,994.81","132,750.17","131,125.25","","-0.37%"
"12/04/2024","131,844.59","131,494.45","132,363.36","131,150.91","","0.37%"
"12/03/2024","131,362.56","131,211.88","132,095.03","130,968.26","","0.26%"
"12/02/2024","131,018.28","131,602.95","131,886.25","129,994.80","","-0.33%"
"11/29/2024","131,456.66","130,976.86","132,224.16","130,625.77","","0.48%"
"11/28/2024","130,833.16","130,936.88","131,689.19","130,182.35","","-0.04%"
"11/27/2024","130,886.64","130,672.20","132,108.95","130,368.11","","0.26%"
"11/26/2024","130,548.60","130,222.48","131,098.39","129,274.75","","0.43%"
"11/25/2024","129,995.34","134,940.52","135,254.83","129,791.05","","-3.42%"
"11/22/2024","134,598.72","132,604.81","134,750.30","132,507.66","","1.72%"
"11/21/2024","132,323.89","131,731.95","133,302.92","131,656.09","","0.51%"
"11/20/2024","131,646.86","130,418.90","132,124.59","129,689.18","","1.05%"
"11/19/2024","130,279.05","129,129.32","130,717.22","129,076.88","","1.00%"
"11/18/2024","128,991.80","126,465.47","129,319.92","126,462.51","","2.14%"
"11/15/2024","126,293.27","126,621.53","127,156.06","126,094.08","","-0.10%"
"11/14/2024","126,425.54","126,895.45","127,338.17","125,285.06","","-0.29%"
"11/13/2024","126,798.53","127,865.81","129,167.61","126,893.43","","-0.72%"
"11/12/2024","127,717.68","128,926.29","129,338.78","127,389.82","","-0.79%"
"11/11/2024","128,737.01","132,200.08","132,283.89","128,416.45","","-2.60%"
"11/08/2024","132,175.67","133,335.75","133,628.16","132,141.77","","-0.74%"
"11/07/2024","133,163.16","130,946.66","133,531.31","130,165.95","","1.83%"
"11/06/2024","130,776.04","134,784.31","135,152.92","130,526.34","","-2.87%"
"11/05/2024","134,636.30","134,259.31","135,113.14","133,676.25","","0.43%"
"11/04/2024","134,060.73","133,916.48","134,886.44","133,704.94","","0.24%"
"11/01/2024","133,735.19","134,281.16","135,214.36","133,735.39","","-0.33%"
"10/31/2024","134,173.30","135,858.38","136,297.64","133,659.64","","-1.13%"
"10/30/2024","135,709.73","135,178.05","136,016.92","135,041.50","","0.52%"
"10/29/2024","135,005.22","133,558.11","135,202.42","133,429.25","","1.20%"
"10/28/2024","133,400.25","133,214.31","133,771.23","132,721.33","","-0.37%"
"10/25/2024","133,895.11","133,465.80","134,045.83","132,533.63","","0.47%"
"10/24/2024","133,273.80","132,395.97","133,821.84","132,371.94","","0.80%"
"10/23/2024","132,212.97","133,880.02","134,393.00","131,945.17","","-1.15%"
"10/22/2024","133,745.91","132,430.59","133,894.44","132,330.45","","1.17%"
"10/21/2024","132,195.95","132,275.14","133,385.50","132,101.34","","0.00%"
"10/18/2024","132,194.86","130,953.12","132,413.19","130,886.70","","1.06%"
"10/17/2024","130,808.15","129,874.16","131,181.59","129,834.93","","0.87%"
"10/16/2024","129,679.46","129,279.73","130,499.65","129,080.39","","0.47%"
"10/15/2024","129,078.05","128,743.00","129,583.60","128,222.31","","0.38%"
"10/14/2024","128,585.16","129,007.33","129,559.71","128,325.45","","-0.24%"
"10/11/2024","128,894.79","127,748.21","129,297.88","127,651.02","","1.05%"
"10/10/2024","127,551.40","126,479.26","127,844.65","126,388.62","","0.96%"
"10/09/2024","126,344.03","127,426.55","127,557.76","126,351.48","","-0.73%"
"10/08/2024","127,274.01","127,907.34","128,886.81","126,593.05","","-0.37%"
"10/07/2024","127,747.47","128,159.03","128,879.20","127,498.17","","-0.29%"
"10/04/2024","128,124.96","128,427.57","129,075.23","127,256.97","","-0.10%"
"10/03/2024","128,257.75","128,615.17","128,828.69","127,604.56","","-0.13%"
"10/02/2024","128,418.61","128,461.38","128,828.91","127,627.68","","0.12%"
"10/01/2024","128,266.32","127,205.55","128,928.20","127,071.80","","0.95%"
"09/30/2024","127,055.18","128,661.76","129,039.66","126,724.38","","-1.05%"
"09/27/2024","128,406.41","129,269.33","129,360.49","127,822.50","","-0.55%"
"09/26/2024","129,118.77","129,006.40","129,933.34","128,321.70","","0.20%"
"09/25/2024","128,859.76","129,430.38","130,071.58","128,649.99","","-0.32%"
"09/24/2024","129,273.56","127,906.03","129,773.10","127,640.76","","1.22%"
"09/23/2024","127,713.54","127,288.90","128,324.05","126,942.57","","0.51%"
"09/20/2024","127,060.03","125,530.63","127,429.84","125,441.08","","1.34%"
"09/19/2024","125,385.76","124,202.16","125,904.23","123,812.73","","1.08%"
"09/18/2024","124,045.78","124,365.51","126,188.20","123,604.71","","-0.14%"
"09/17/2024","124,221.30","125,091.61","125,374.05","123,944.91","","-0.53%"
"09/16/2024","124,878.46","124,816.79","125,521.11","124,710.23","","0.12%"
"09/13/2024","124,733.74","123,888.09","125,210.08","123,773.92","","0.75%"
"09/12/2024","123,806.30","121,499.47","124,003.60","121,453.33","","1.99%"
"09/11/2024","121,388.04","121,707.44","122,382.95","120,983.48","","-0.11%"
"09/10/2024","121,522.65","121,176.53","121,772.87","120,814.16","","0.44%"
"09/09/2024","120,990.63","120,870.31","121,257.13","120,229.59","","0.13%"
"09/06/2024","120,831.06","121,912.16","122,519.30","120,380.44","","-0.78%"
"09/05/2024","121,774.93","120,977.66","122,486.81","120,897.73","","0.78%"
"09/04/2024","120,834.30","120,907.41","121,209.47","119,880.37","","0.09%"
"09/03/2024","120,727.46","121,374.05","121,685.92","119,952.66","","-0.38%"
"09/02/2024","121,190.57","121,557.90","121,814.12","120,945.87","","-0.31%"
"08/30/2024","121,572.27","122,586.40","122,866.40","121,276.04","","-0.72%"
"08/29/2024","122,454.68","121,775.30","122,948.80","121,727.23","","0.59%"
"08/28/2024","121,735.97","122,947.83","123,169.58","121,302.61","","-0.83%"
"08/27/2024","122,760.58","122,750.88","123,029.60","121,869.73","","0.16%"
"08/26/2024","122,570.40","122,495.06","123,373.74","122,345.20","","0.13%"
"08/23/2024","122,416.53","121,200.07","122,849.76","121,032.95","","1.15%"
"08/22/2024","121,022.54","122,571.52","122,698.02","120,528.47","","-1.11%"
"08/21/2024","122,383.46","122,935.40","123,232.45","121,689.59","","-0.30%"
"08/20/2024","122,748.73","122,092.76","123,772.02","121,795.04","","0.59%"
"08/19/2024","122,029.67","122,485.24","122,585.07","121,258.80","","-0.38%"
"08/16/2024","122,496.26","120,204.03","122,733.59","119,842.09","","2.03%"
"08/15/2024","120,064.30","120,181.97","120,827.58","118,933.87","","0.02%"
"08/14/2024","120,044.97","121,726.40","122,574.99","119,711.48","","-1.29%"
"08/13/2024","121,612.74","121,967.39","122,175.07","121,204.06","","-0.06%"
"08/12/2024","121,686.06","119,712.80","121,992.06","119,374.02","","1.74%"
"08/09/2024","119,601.55","119,541.33","120,029.40","119,033.56","","0.15%"
"08/08/2024","119,420.59","117,401.70","119,568.99","117,296.88","","1.82%"
"08/07/2024","117,285.35","117,675.66","118,583.33","117,049.19","","-0.17%"
"08/06/2024","117,488.16","118,594.26","119,103.79","117,184.33","","-0.95%"
"08/05/2024","118,613.33","119,103.60","120,793.77","116,446.47","","-0.15%"
"08/02/2024","118,794.85","119,087.52","120,640.20","117,335.10","","-0.10%"
"08/01/2024","118,914.10","118,847.51","119,894.03","118,292.19","","0.20%"
"07/31/2024","118,682.40","116,774.23","119,020.60","116,443.15","","1.84%"
"07/30/2024","116,536.67","115,195.13","116,885.73","114,833.21","","1.27%"
"07/29/2024","115,071.34","115,373.19","116,147.88","114,530.99","","-0.16%"
"07/26/2024","115,259.05","114,277.95","115,572.49","113,883.49","","0.96%"
"07/25/2024","114,164.32","115,910.42","116,080.06","113,753.22","","-1.36%"
"07/24/2024","115,734.27","116,529.53","117,614.06","115,846.59","","-0.53%"
"07/23/2024","116,348.97","116,023.95","116,664.95","115,641.48","","0.40%"
"07/22/2024","115,888.94","116,083.85","116,731.26","115,409.20","","0.15%"
"07/19/2024","115,718.08","117,988.72","118,033.77","115,503.03","","-1.82%"
"07/18/2024","117,859.60","118,513.01","119,574.16","117,749.55","","-0.40%"
"07/17/2024","118,334.68","118,609.86","119,718.34","118,167.13","","-0.12%"
"07/16/2024","118,473.87","116,155.78","118,648.96","116,039.77","","2.12%"
"07/15/2024","116,019.55","115,606.85","116,985.54","115,014.07","","0.35%"
"07/12/2024","115,615.20","115,933.95","116,081.77","114,793.21","","-0.16%"
"07/11/2024","115,797.81","113,817.37","116,381.77","113,772.25","","1.85%"
"07/10/2024","113,689.93","113,642.55","114,650.45","113,576.21","","0.16%"
"07/09/2024","113,512.08","113,139.02","113,998.98","112,931.97","","0.51%"
"07/08/2024","112,934.56","114,685.40","114,689.05","112,691.11","","-1.49%"
"07/05/2024","114,647.07","113,082.20","114,842.00","112,970.16","","1.50%"
"07/04/2024","112,952.39","113,428.20","113,737.26","112,758.46","","-0.30%"
"07/03/2024","113,289.46","112,195.44","113,855.46","112,064.72","","1.09%"
"07/02/2024","112,062.62","112,630.11","112,757.17","111,734.40","","-0.38%"
"07/01/2024","112,493.91","111,739.90","112,855.38","111,323.99","","0.77%"
"06/28/2024","111,631.10","111,814.10","112,380.36","111,388.54","","-0.04%"
"06/27/2024","111,680.17","110,420.16","111,996.88","110,300.90","","1.32%"
"06/26/2024","110,230.16","112,229.99","113,171.34","110,212.05","","-1.65%"
"06/25/2024","112,084.04","112,803.92","113,160.20","111,888.98","","-0.47%"
"06/24/2024","112,608.12","111,785.34","113,302.89","111,581.39","","1.77%"
"06/21/2024","110,650.79","112,600.13","113,017.85","110,532.55","","-1.62%"
"06/20/2024","112,476.65","111,035.49","112,859.20","111,035.49","","1.45%"
"06/19/2024","110,871.93","111,136.16","111,407.65","110,870.66","","-0.12%"
"06/18/2024","110,999.66","110,644.09","111,319.13","110,049.09","","0.49%"
"06/17/2024","110,462.06","111,269.34","111,330.44","110,211.30","","-0.63%"
"06/14/2024","111,167.90","109,902.38","111,492.09","109,797.66","","1.26%"
"06/13/2024","109,782.90","110,836.01","110,992.09","109,458.03","","-0.79%"
"06/12/2024","110,661.05","110,211.81","111,722.52","109,902.50","","0.54%"
"06/11/2024","110,071.17","110,236.41","110,466.94","109,570.16","","0.00%"
"06/10/2024","110,067.20","109,398.94","110,371.38","108,792.09","","1.11%"
"06/07/2024","108,860.24","112,889.33","113,446.92","108,690.26","","-3.46%"
"06/06/2024","112,758.79","112,078.90","113,075.17","111,859.66","","0.75%"
"06/05/2024","111,919.60","110,412.40","112,244.38","110,320.55","","1.52%"
"06/04/2024","110,244.98","110,724.74","111,092.08","109,752.22","","-0.28%"
"06/03/2024","110,549.37","110,053.12","110,912.27","109,446.13","","0.61%"
"05/31/2024","109,876.22","110,718.38","111,496.59","109,691.95","","-0.72%"
"05/30/2024","110,675.50","110,567.07","111,335.88","109,822.84","","0.21%"
"05/29/2024","110,446.88","112,288.41","112,472.40","110,433.45","","-1.64%"
"05/28/2024","112,284.57","110,957.54","112,445.26","110,317.87","","1.37%"
"05/27/2024","110,766.87","109,604.85","111,408.31","109,504.16","","0.78%"
"05/24/2024","109,914.44","109,812.52","110,686.52","109,642.38","","0.21%"
"05/23/2024","109,688.36","111,301.03","111,833.27","109,717.83","","-1.32%"
"05/22/2024","111,158.47","113,180.30","113,396.90","111,125.16","","-1.64%"
"05/21/2024","113,009.48","113,159.84","113,545.88","112,217.16","","-0.02%"
"05/20/2024","113,029.20","113,143.72","115,005.21","112,278.35","","-0.12%"
"05/17/2024","113,161.75","111,483.16","113,656.75","111,362.23","","1.64%"
"05/16/2024","111,340.30","111,738.03","113,749.70","111,141.23","","-0.24%"
"05/15/2024","111,604.45","110,472.59","111,940.56","110,182.78","","1.17%"
"05/14/2024","110,310.15","109,966.27","110,645.74","109,498.77","","0.43%"
"05/13/2024","109,837.31","111,605.64","111,814.38","109,736.84","","-1.71%"
"05/10/2024","111,752.71","111,224.34","112,738.45","111,165.11","","0.59%"
"05/09/2024","111,095.88","109,766.73","111,276.02","109,136.34","","1.35%"
"05/08/2024","109,620.50","110,429.58","111,006.97","109,635.13","","-0.63%"
"05/07/2024","110,314.10","111,433.91","111,726.23","110,142.00","","-0.89%"
"05/06/2024","111,301.43","110,404.90","111,818.93","109,891.53","","0.92%"
"05/03/2024","110,291.11","110,466.07","111,322.68","109,204.46","","-0.01%"
"05/02/2024","110,299.33","111,049.07","111,396.21","109,479.29","","-0.56%"
"05/01/2024","110,924.47","109,393.18","111,483.56","109,094.08","","1.53%"
"04/30/2024","109,257.89","111,770.38","111,803.70","109,340.61","","-2.12%"
"04/29/2024","111,627.82","111,646.46","112,467.47","110,748.10","","-0.19%"
"04/26/2024","111,844.11","111,709.98","112,690.51","111,429.82","","0.25%"
"04/25/2024","111,566.58","110,936.81","112,318.95","110,423.13","","0.69%"
"04/24/2024","110,800.79","111,579.09","112,143.53","110,634.60","","-0.58%"
"04/23/2024","111,445.91","112,100.77","112,452.02","110,157.65","","-0.46%"
"04/22/2024","111,955.51","115,517.02","115,542.29","112,009.47","","-3.03%"
"04/19/2024","115,456.31","114,980.76","116,852.05","114,684.98","","0.53%"
"04/18/2024","114,849.55","114,374.04","115,709.09","114,374.04","","0.48%"
"04/17/2024","114,302.76","115,568.08","116,944.59","114,210.01","","-0.97%"
"04/16/2024","115,426.80","114,982.59","116,319.74","114,079.91","","0.54%"
"04/15/2024","114,811.92","111,520.89","115,201.47","111,514.56","","3.09%"
"04/12/2024","111,371.82","112,780.77","115,692.38","111,046.73","","-1.15%"
"04/11/2024","112,669.53","110,951.17","113,064.27","110,593.95","","1.66%"
"04/10/2024","110,825.23","111,882.44","112,225.11","110,294.38","","-0.83%"
"04/09/2024","111,748.03","111,219.28","112,472.17","111,121.50","","0.59%"
"04/08/2024","111,089.94","110,410.91","111,937.23","109,500.89","","0.76%"
"04/05/2024","110,250.97","108,456.38","110,411.52","107,382.79","","1.78%"
"04/04/2024","108,320.31","108,883.95","109,162.03","107,957.37","","-0.39%"
"04/03/2024","108,740.89","107,532.05","108,962.82","106,865.23","","1.24%"
"04/02/2024","107,410.33","106,163.67","107,579.94","105,935.98","","1.28%"
"04/01/2024","106,049.89","105,837.42","107,096.02","105,075.91","","0.33%"
"03/29/2024","105,702.99","105,702.99","105,702.99","105,702.99","","-0.05%"
"03/28/2024","105,760.49","103,702.27","105,981.47","103,263.66","","2.12%"
"03/27/2024","103,568.51","104,194.83","104,448.48","103,069.80","","-0.48%"
"03/26/2024","104,063.88","102,952.66","105,158.09","102,751.13","","1.21%"
"03/25/2024","102,821.95","100,904.45","103,393.55","100,651.23","","1.70%"
"03/22/2024","101,105.03","101,756.42","101,988.34","100,846.54","","-0.51%"
"03/21/2024","101,628.36","102,533.85","104,253.80","101,067.00","","-0.76%"
"03/20/2024","102,404.26","101,512.34","102,659.19","100,914.60","","1.01%"
"03/19/2024","101,384.51","101,765.58","101,989.66","101,068.13","","-0.26%"
"03/18/2024","101,646.74","101,849.26","102,090.59","101,319.20","","-1.24%"
"03/15/2024","102,927.16","103,373.54","103,881.15","103,018.27","","-0.29%"
"03/14/2024","103,228.10","105,350.18","105,480.27","102,906.59","","-1.86%"
"03/13/2024","105,185.06","105,328.96","105,928.17","104,392.53","","-0.02%"
"03/12/2024","105,208.84","107,065.05","107,167.18","104,949.05","","-1.62%"
"03/11/2024","106,938.59","107,041.10","107,700.58","106,600.70","","-0.49%"
"03/08/2024","107,460.12","106,599.23","108,443.06","106,303.97","","0.94%"
"03/07/2024","106,457.93","106,451.01","107,154.41","106,006.53","","0.13%"
"03/06/2024","106,322.39","65,765.92","108,384.12","65,474.34","","62.00%"
"03/05/2024","65,629.98","65,334.86","66,192.31","65,196.38","","0.64%"
"03/04/2024","65,210.42","64,426.22","65,506.34","64,115.76","","1.46%"
"03/01/2024","64,272.58","63,164.02","64,531.41","62,991.23","","1.94%"
"02/29/2024","63,050.27","62,946.04","63,369.57","62,657.50","","0.22%"
"02/28/2024","62,914.09","62,737.46","63,029.29","62,422.22","","0.46%"
"02/27/2024","62,626.78","62,835.13","63,137.75","62,629.97","","-0.30%"
"02/26/2024","62,812.33","62,967.52","63,041.80","62,579.21","","0.02%"
"02/23/2024","62,801.89","62,556.09","63,080.29","62,280.54","","0.58%"
"02/22/2024","62,440.92","62,605.73","62,947.93","62,408.75","","-0.09%"
"02/21/2024","62,495.03","62,630.46","62,876.75","62,424.04","","-0.17%"
"02/20/2024","62,602.79","62,356.11","62,856.66","62,243.58","","0.64%"
"02/19/2024","62,204.00","62,206.50","62,599.21","62,074.36","","0.16%"
"02/16/2024","62,104.16","61,951.01","62,271.38","61,660.50","","0.48%"
"02/15/2024","61,809.33","61,543.75","62,062.52","61,364.70","","0.58%"
"02/14/2024","61,449.86","61,646.94","61,720.23","61,303.71","","-0.05%"
"02/13/2024","61,480.17","62,421.11","62,809.68","61,496.82","","-1.33%"
"02/12/2024","62,308.46","62,557.84","62,724.57","62,168.03","","-0.22%"
"02/09/2024","62,445.24","62,861.79","62,957.07","62,427.32","","-0.48%"
"02/08/2024","62,748.14","62,885.43","63,065.01","62,410.31","","-0.04%"
"02/07/2024","62,774.73","62,915.51","63,179.85","62,682.79","","-0.04%"
"02/06/2024","62,802.29","62,572.71","63,005.73","62,421.45","","0.54%"
"02/05/2024","62,464.77","63,033.13","63,107.83","62,245.00","","-0.68%"
"02/02/2024","62,890.50","63,523.05","63,598.27","62,648.24","","-0.77%"
"02/01/2024","63,377.93","63,045.60","63,821.48","62,713.14","","0.72%"
"01/31/2024","62,926.11","63,023.23","63,532.83","62,628.46","","-0.10%"
"01/30/2024","62,991.11","62,810.06","63,326.69","62,655.11","","0.47%"
"01/29/2024","62,697.94","62,470.00","63,027.95","62,399.61","","0.69%"
"01/26/2024","62,265.79","62,445.10","62,627.98","62,293.47","","-0.06%"
"01/25/2024","62,305.05","62,238.00","62,580.72","62,113.50","","0.30%"
"01/24/2024","62,121.49","62,684.91","62,970.61","62,148.59","","-0.75%"
"01/23/2024","62,590.90","62,470.59","63,017.82","62,405.34","","0.38%"
"01/22/2024","62,353.71","62,723.81","62,851.11","62,202.46","","-0.40%"
"01/19/2024","62,604.46","62,514.75","63,020.42","62,429.30","","0.32%"
"01/18/2024","62,401.87","62,022.86","62,536.84","61,964.15","","0.84%"
"01/17/2024","61,880.11","62,677.73","62,821.10","61,859.03","","-1.09%"
"01/16/2024","62,560.62","63,578.92","63,601.70","62,550.57","","-1.55%"
"01/15/2024","63,545.38","63,286.18","63,691.75","63,215.09","","0.54%"
"01/12/2024","63,202.99","62,719.30","63,726.52","62,674.08","","0.95%"
"01/11/2024","62,606.12","62,549.66","63,052.64","62,211.57","","0.27%"
"01/10/2024","62,437.03","62,732.92","63,089.77","62,350.61","","-0.29%"
"01/09/2024","62,619.10","62,681.64","63,100.76","62,577.91","","0.11%"
"01/08/2024","62,551.15","62,957.88","63,038.79","62,320.52","","-0.55%"
"01/05/2024","62,898.99","62,929.23","63,572.04","62,728.86","","0.13%"
"01/04/2024","62,815.79","63,130.61","63,458.07","62,859.41","","-0.40%"
"01/03/2024","63,066.59","63,673.22","63,924.61","62,759.84","","-0.85%"
"01/02/2024","63,604.25","63,743.77","64,290.63","63,531.80","","-0.04%"
"01/01/2024","63,630.90","63,630.90","63,630.90","63,630.90","","-0.16%"
"12/29/2023","63,734.03","63,878.00","64,173.88","63,635.94","","-0.13%"
"12/28/2023","63,814.37","64,018.79","64,598.59","63,849.16","","-0.11%"
"12/27/2023","63,881.51","63,901.41","64,441.66","63,663.28","","0.19%"
"12/26/2023","63,760.62","63,624.59","63,978.04","63,450.17","","0.35%"
"12/25/2023","63,539.37","63,446.82","63,549.37","63,241.50","","0.32%"
"12/22/2023","63,334.28","63,219.41","63,982.95","63,216.66","","0.36%"
"12/21/2023","63,105.44","62,803.85","63,225.20","62,680.02","","0.76%"
"12/20/2023","62,631.36","63,096.52","63,230.59","62,650.16","","-0.64%"
"12/19/2023","63,033.73","62,622.77","63,305.77","62,330.00","","0.88%"
"12/18/2023","62,482.66","62,491.66","62,841.63","62,287.47","","0.19%"
"12/15/2023","62,362.07","62,930.70","63,258.50","62,335.02","","-0.87%"
"12/14/2023","62,912.18","62,656.41","63,298.41","62,551.75","","0.59%"
"12/13/2023","62,543.97","61,217.13","62,657.55","60,884.95","","2.26%"
"12/12/2023","61,159.13","61,290.14","61,701.00","61,127.89","","-0.11%"
"12/11/2023","61,229.19","61,911.27","62,069.46","61,106.26","","-0.93%"
"12/08/2023","61,804.58","62,700.70","62,856.36","61,637.63","","-1.23%"
"12/07/2023","62,571.82","62,688.20","63,038.12","62,426.05","","-0.17%"
"12/06/2023","62,676.49","62,193.73","63,023.23","62,131.80","","0.95%"
"12/05/2023","62,083.72","62,762.02","63,128.05","61,908.47","","-0.97%"
"12/04/2023","62,689.61","64,001.65","65,257.58","62,428.68","","-1.87%"
"12/01/2023","63,887.30","62,928.75","64,128.18","62,842.89","","1.70%"
"11/30/2023","62,819.97","63,269.59","63,372.96","62,784.02","","-0.69%"
"11/29/2023","63,255.10","63,114.95","63,475.10","62,907.75","","0.33%"
"11/28/2023","63,048.09","62,243.27","63,179.69","62,074.18","","1.43%"
"11/27/2023","62,161.81","61,885.77","62,415.96","61,820.66","","0.65%"
"11/24/2023","61,760.77","61,616.62","61,913.77","61,534.28","","0.51%"
"11/23/2023","61,446.72","61,475.92","61,844.04","61,460.50","","0.10%"
"11/22/2023","61,387.57","61,752.82","62,046.76","61,394.91","","-0.40%"
"11/21/2023","61,631.82","61,185.49","62,032.23","61,180.16","","0.80%"
"11/20/2023","61,145.01","61,194.08","61,380.34","60,736.89","","-0.06%"
"11/17/2023","61,182.24","61,288.51","61,662.77","61,188.05","","-0.05%"
"11/16/2023","61,211.04","60,597.23","61,479.98","60,478.59","","1.11%"
"11/15/2023","60,537.27","60,718.41","61,104.33","60,422.02","","-0.03%"
"11/14/2023","60,552.99","60,148.83","60,899.13","59,919.89","","0.87%"
"11/13/2023","60,028.42","59,854.87","60,232.42","59,688.30","","0.47%"
"11/10/2023","59,749.97","60,539.55","60,592.63","59,735.12","","-1.09%"
"11/09/2023","60,410.39","60,260.12","60,739.99","60,001.52","","0.43%"
"11/08/2023","60,150.40","60,653.26","60,960.41","60,177.11","","-0.64%"
"11/07/2023","60,540.29","61,114.38","61,158.73","60,393.64","","-0.76%"
"11/06/2023","61,002.48","61,561.95","61,592.83","61,099.80","","-0.75%"
"11/03/2023","61,462.00","61,383.95","61,925.34","61,282.81","","0.35%"
"11/02/2023","61,249.28","61,274.21","61,635.13","61,114.94","","0.17%"
"11/01/2023","61,144.39","61,354.20","61,555.70","60,870.05","","-0.23%"
"10/31/2023","61,283.67","61,676.98","62,040.88","61,197.34","","-0.46%"
"10/30/2023","61,564.97","61,948.20","62,027.77","61,506.48","","-0.52%"
"10/27/2023","61,884.79","61,329.14","62,093.00","61,069.25","","1.10%"
"10/26/2023","61,212.26","61,176.38","61,653.50","60,922.47","","0.24%"
"10/25/2023","61,064.18","60,952.68","61,404.34","60,667.38","","0.28%"
"10/24/2023","60,893.71","60,922.00","61,265.23","60,363.18","","0.07%"
"10/23/2023","60,851.24","61,225.90","61,372.05","60,698.67","","-0.41%"
"10/20/2023","61,101.20","61,011.44","61,715.71","60,932.50","","0.34%"
"10/19/2023","60,891.42","60,238.07","61,115.95","59,995.82","","1.28%"
"10/18/2023","60,124.03","59,420.59","60,648.60","59,409.54","","1.37%"
"10/17/2023","59,310.86","59,365.43","59,690.36","58,997.45","","0.00%"
"10/16/2023","59,309.15","59,744.10","59,792.98","58,972.64","","-0.51%"
"10/13/2023","59,614.23","57,699.23","59,753.33","57,687.71","","3.41%"
"10/12/2023","57,646.89","57,949.37","58,314.20","57,718.21","","-0.45%"
"10/11/2023","57,907.62","57,484.86","58,053.04","57,288.79","","0.92%"
"10/10/2023","57,381.15","57,516.55","57,681.27","57,246.91","","-0.04%"
"10/09/2023","57,405.37","56,631.69","57,602.12","56,628.36","","1.89%"
"10/06/2023","56,343.25","56,065.56","56,517.09","55,751.11","","0.68%"
"10/05/2023","55,962.95","56,098.99","56,342.45","55,831.20","","-0.06%"
"10/04/2023","55,998.96","56,377.37","56,579.32","55,951.38","","-0.57%"
"10/03/2023","56,319.36","56,527.25","56,650.94","56,032.95","","-0.27%"
"10/02/2023","56,473.87","57,107.23","57,155.96","56,478.30","","-0.96%"
"09/29/2023","57,020.47","57,623.46","58,099.60","57,051.79","","-0.86%"
"09/28/2023","57,516.75","57,938.75","58,096.52","57,404.75","","-0.55%"
"09/27/2023","57,833.58","58,778.86","58,879.70","57,859.49","","-1.50%"
"09/26/2023","58,715.87","59,249.08","59,285.89","58,731.95","","-0.75%"
"09/25/2023","59,161.33","59,557.30","59,618.25","59,162.22","","-0.38%"
"09/22/2023","59,385.86","59,329.14","59,626.07","59,312.36","","0.33%"
"09/21/2023","59,191.73","59,647.06","59,746.99","59,124.10","","-0.57%"
"09/20/2023","59,531.55","59,670.02","60,186.93","59,443.36","","-0.05%"
"09/19/2023","59,561.48","59,760.48","59,962.28","59,472.98","","-0.14%"
"09/18/2023","59,647.79","59,544.21","59,806.36","59,383.16","","0.19%"
"09/15/2023","59,534.76","59,147.07","59,759.55","59,106.51","","0.69%"
"09/14/2023","59,126.38","58,967.57","59,193.01","58,706.20","","0.57%"
"09/13/2023","58,790.18","59,130.86","59,241.36","58,851.18","","-0.40%"
"09/12/2023","59,023.64","59,399.07","59,544.45","58,938.68","","-0.60%"
"09/11/2023","59,378.68","59,388.41","59,744.09","59,274.68","","0.31%"
"09/08/2023","59,193.11","59,357.27","59,643.07","59,246.42","","-0.01%"
"09/07/2023","59,198.07","59,224.61","59,531.30","59,097.03","","0.14%"
"09/06/2023","59,114.46","59,565.45","59,708.49","59,181.25","","-0.66%"
"09/05/2023","59,504.43","59,902.61","60,003.46","59,490.25","","-0.48%"
"09/04/2023","59,793.20","60,058.23","60,241.60","59,827.07","","-0.05%"
"09/01/2023","59,824.01","59,936.18","60,361.48","59,779.00","","-0.02%"
"08/31/2023","59,838.05","60,019.32","60,284.16","59,895.11","","-0.12%"
"08/30/2023","59,908.90","59,965.73","60,225.23","59,604.66","","-0.08%"
"08/29/2023","59,955.84","59,334.93","59,990.66","59,142.64","","1.27%"
"08/28/2023","59,204.40","59,015.78","59,519.14","58,962.91","","0.23%"
"08/25/2023","59,065.66","59,229.57","59,423.68","58,815.10","","-0.09%"
"08/24/2023","59,118.98","59,174.64","59,539.82","59,060.75","","0.15%"
"08/23/2023","59,033.24","58,629.20","59,357.24","58,507.72","","0.87%"
"08/22/2023","58,521.43","58,560.73","58,945.57","58,332.16","","0.16%"
"08/21/2023","58,427.61","58,429.71","58,775.35","58,231.07","","0.27%"
"08/18/2023","58,269.17","58,358.02","58,631.09","58,283.62","","0.07%"
"08/17/2023","58,226.84","58,456.27","58,834.16","58,231.09","","-0.21%"
"08/16/2023","58,346.55","58,771.44","59,039.97","58,441.21","","-0.54%"
"08/15/2023","58,661.50","58,932.00","59,109.61","58,591.07","","-0.27%"
"08/14/2023","58,823.18","59,227.99","59,303.05","58,811.95","","-0.34%"
"08/11/2023","59,025.87","59,089.16","59,363.40","59,048.21","","0.06%"
"08/10/2023","58,987.98","59,155.81","59,654.77","59,065.64","","-0.09%"
"08/09/2023","59,043.05","59,444.64","59,810.16","59,144.11","","-0.58%"
"08/08/2023","59,385.94","59,840.84","59,937.77","59,405.27","","-0.54%"
"08/07/2023","59,708.35","59,840.56","60,038.07","59,547.66","","-0.68%"
"08/04/2023","60,119.83","59,859.21","60,265.59","59,725.66","","0.50%"
"08/03/2023","59,820.56","59,769.58","60,009.79","59,538.88","","0.26%"
"08/02/2023","59,663.61","60,084.34","60,493.07","59,729.72","","-0.50%"
"08/01/2023","59,963.81","60,720.75","60,760.79","59,983.25","","-1.06%"
"07/31/2023","60,607.60","60,548.44","60,997.87","60,176.28","","0.28%"
"07/28/2023","60,441.36","60,131.57","60,678.66","60,047.88","","0.75%"
"07/27/2023","59,990.60","60,944.25","61,303.96","60,026.68","","-1.38%"
"07/26/2023","60,827.62","60,725.36","61,140.53","60,448.09","","0.37%"
"07/25/2023","60,606.03","60,400.34","60,815.12","60,355.66","","0.57%"
"07/24/2023","60,263.52","60,628.77","60,877.63","60,360.65","","-0.07%"
"07/21/2023","60,303.22","60,666.55","60,795.79","60,270.22","","-0.43%"
"07/20/2023","60,566.37","60,880.77","61,217.93","60,534.33","","-0.33%"
"07/19/2023","60,766.48","61,141.08","61,291.58","60,823.16","","-0.42%"
"07/18/2023","61,023.56","60,408.13","61,356.55","60,365.81","","1.14%"
"07/17/2023","60,336.22","60,406.29","60,656.02","60,125.98","","0.04%"
"07/14/2023","60,309.45","60,576.68","60,681.89","60,285.91","","-0.27%"
"07/13/2023","60,470.30","60,542.38","60,763.89","60,253.75","","0.02%"
"07/12/2023","60,460.15","59,748.45","60,614.61","59,599.55","","1.29%"
"07/11/2023","59,690.22","59,517.55","59,996.48","59,423.82","","0.51%"
"07/10/2023","59,384.79","59,488.55","59,642.46","58,915.94","","-0.02%"
"07/07/2023","59,396.25","59,051.48","59,789.04","59,005.29","","0.77%"
"07/06/2023","58,941.70","59,178.00","59,596.91","58,792.67","","-0.22%"
"07/05/2023","59,071.82","59,510.32","59,800.41","59,167.07","","-0.53%"
"07/04/2023","59,389.03","59,380.13","59,748.57","59,259.81","","0.20%"
"07/03/2023","59,272.91","59,309.34","59,670.85","59,022.11","","0.09%"
"06/30/2023","59,219.35","58,975.50","59,417.55","58,727.21","","0.62%"
"06/29/2023","58,852.24","58,935.95","59,116.30","58,494.01","","0.04%"
"06/28/2023","58,828.76","59,132.60","59,242.66","58,797.92","","-0.32%"
"06/27/2023","59,016.06","59,431.54","59,663.27","59,055.63","","-0.44%"
"06/26/2023","59,277.97","59,460.74","59,841.11","59,272.91","","0.06%"
"06/23/2023","59,244.03","59,182.02","59,856.41","59,055.23","","0.34%"
"06/22/2023","59,042.25","59,716.13","59,835.61","59,101.50","","-0.96%"
"06/21/2023","59,614.23","59,848.04","59,982.40","59,307.77","","-0.19%"
"06/20/2023","59,725.29","60,282.69","60,546.42","59,629.91","","-0.72%"
"06/19/2023","60,161.20","60,502.09","60,628.63","60,187.03","","-0.35%"
"06/16/2023","60,373.14","60,501.02","60,811.17","60,360.67","","-0.02%"
"06/15/2023","60,385.48","60,028.52","60,574.61","59,437.70","","0.79%"
"06/14/2023","59,914.12","60,061.25","60,576.53","59,915.10","","-0.06%"
"06/13/2023","59,947.41","60,498.70","60,909.35","59,945.86","","-0.72%"
"06/12/2023","60,383.24","60,571.74","60,873.75","60,217.96","","-0.49%"
"06/09/2023","60,680.17","60,912.59","61,067.19","60,560.66","","-0.36%"
"06/08/2023","60,902.02","60,042.36","60,986.80","59,935.21","","1.46%"
"06/07/2023","60,027.02","60,672.57","60,979.55","60,036.56","","-0.88%"
"06/06/2023","60,558.24","60,440.73","60,821.14","60,338.50","","0.40%"
"06/05/2023","60,314.26","60,180.71","60,622.57","59,811.20","","0.38%"
"06/02/2023","60,083.15","61,109.99","61,290.63","60,182.93","","-1.50%"
"06/01/2023","61,000.03","60,632.82","61,282.91","60,288.09","","0.81%"
"05/31/2023","60,512.46","60,553.86","61,038.20","60,172.94","","0.13%"
"05/30/2023","60,436.17","60,075.66","60,740.29","59,604.02","","0.83%"
"05/29/2023","59,936.61","60,072.58","60,333.68","59,935.12","","-0.18%"
"05/26/2023","60,042.22","59,951.34","60,483.52","59,848.52","","0.27%"
"05/25/2023","59,879.54","60,475.95","60,785.70","59,910.87","","-0.80%"
"05/24/2023","60,364.54","60,822.02","61,378.39","60,463.89","","-0.58%"
"05/23/2023","60,718.64","60,933.70","61,113.88","60,268.38","","-0.17%"
"05/22/2023","60,822.02","61,113.89","61,352.31","60,756.25","","-0.30%"
"05/19/2023","61,002.48","60,469.30","61,308.54","60,380.16","","1.05%"
"05/18/2023","60,369.30","61,239.09","61,385.21","60,347.77","","-1.24%"
"05/17/2023","61,125.88","61,462.94","61,667.27","61,021.35","","-0.37%"
"05/16/2023","61,353.02","62,307.25","62,480.14","61,351.19","","-1.36%"
"05/15/2023","62,198.54","62,162.16","62,554.59","61,978.55","","0.28%"
"05/12/2023","62,025.78","62,307.73","62,497.27","61,832.30","","-0.22%"
"05/11/2023","62,161.21","62,725.63","63,080.67","62,145.93","","-0.74%"
"05/10/2023","62,625.04","62,866.95","63,372.66","62,456.18","","-0.21%"
"05/09/2023","62,758.46","62,508.09","62,992.59","62,276.95","","0.57%"
"05/08/2023","62,399.99","62,292.89","62,739.11","62,235.86","","0.56%"
"05/05/2023","62,051.66","63,469.53","63,544.34","61,878.24","","-2.21%"
"05/04/2023","63,456.27","63,084.20","64,168.38","62,838.95","","0.66%"
"05/03/2023","63,040.61","62,317.14","63,159.10","61,845.32","","1.27%"
"05/02/2023","62,249.76","61,280.55","62,433.93","61,088.43","","1.75%"
"05/01/2023","61,178.64","61,532.62","61,986.80","60,973.96","","-0.32%"
"04/28/2023","61,372.99","61,390.73","61,649.38","61,061.05","","0.09%"
"04/27/2023","61,316.53","61,535.07","61,998.79","60,990.30","","-0.46%"
"04/26/2023","61,601.75","61,694.16","62,128.77","61,386.91","","0.07%"
"04/25/2023","61,559.32","61,482.04","61,920.52","61,062.88","","0.29%"
"04/24/2023","61,380.09","61,223.48","61,520.98","61,002.32","","0.34%"
"04/21/2023","61,172.42","61,918.80","61,977.69","60,923.84","","-0.97%"
"04/20/2023","61,773.73","61,615.98","62,193.84","61,506.11","","0.42%"
"04/19/2023","61,515.52","61,997.95","62,057.43","60,671.55","","-0.57%"
"04/18/2023","61,865.36","61,629.91","62,170.20","61,532.05","","0.63%"
"04/17/2023","61,479.11","61,857.20","62,267.53","61,223.57","","-0.54%"
"04/14/2023","61,813.84","63,034.10","63,270.86","61,565.38","","-1.78%"
"04/13/2023","62,936.47","62,280.20","63,309.32","62,184.72","","1.26%"
"04/12/2023","62,155.65","61,686.54","62,711.41","61,643.45","","0.80%"
"04/11/2023","61,664.51","61,508.57","62,100.45","61,451.48","","0.30%"
"04/10/2023","61,480.97","62,056.37","62,145.32","61,231.30","","-0.75%"
"04/07/2023","61,947.31","62,045.33","62,122.81","62,010.00","","0.01%"
"04/06/2023","61,941.56","62,483.98","62,517.20","61,827.12","","-0.70%"
"04/05/2023","62,376.54","62,433.67","62,827.00","62,108.86","","0.09%"
"04/04/2023","62,319.59","61,350.18","62,578.39","60,986.48","","1.80%"
"04/03/2023","61,218.39","60,899.14","61,510.79","60,215.55","","1.13%"
"03/31/2023","60,537.22","61,197.30","61,226.25","60,580.25","","-0.91%"
"03/30/2023","61,090.71","60,475.64","61,317.98","60,227.59","","1.17%"
"03/29/2023","60,385.31","60,954.25","61,077.33","60,367.24","","-0.80%"
"03/28/2023","60,869.83","60,521.27","61,041.41","60,039.54","","0.78%"
"03/27/2023","60,400.91","61,109.71","61,178.64","60,059.58","","-1.01%"
"03/24/2023","61,014.82","61,704.45","61,957.00","61,032.91","","-1.04%"
"03/23/2023","61,655.59","60,896.04","62,006.20","60,699.52","","1.52%"
"03/22/2023","60,735.01","59,948.16","61,148.79","59,730.00","","1.48%"
"03/21/2023","59,849.00","61,145.14","61,410.16","59,804.20","","-1.90%"
"03/20/2023","61,008.48","61,515.96","62,126.77","60,742.31","","-0.19%"
"03/17/2023","61,127.05","59,140.02","61,284.95","59,066.41","","3.55%"
"03/16/2023","59,033.54","59,277.93","59,812.68","58,933.21","","-0.17%"
"03/15/2023","59,134.08","58,790.34","59,867.40","58,364.86","","0.68%"
"03/14/2023","58,735.98","59,125.66","59,245.48","58,560.77","","-0.51%"
"03/13/2023","59,037.03","57,845.77","59,167.02","57,811.83","","2.44%"
"03/10/2023","57,628.42","56,623.29","57,791.65","56,476.40","","2.02%"
"03/09/2023","56,484.81","56,013.45","56,730.02","55,836.77","","1.01%"
"03/08/2023","55,918.25","55,729.12","56,336.80","55,629.75","","0.53%"
"03/07/2023","55,621.61","56,932.74","57,088.90","55,705.05","","-2.32%"
"03/06/2023","56,944.06","57,042.89","57,188.41","56,705.49","","-0.23%"
"03/03/2023","57,077.86","56,475.32","57,123.48","56,447.63","","1.09%"
"03/02/2023","56,464.00","56,273.64","56,584.09","55,950.66","","0.61%"
"03/01/2023","56,122.86","55,992.48","56,513.91","55,839.92","","0.47%"
"02/28/2023","55,862.77","55,622.61","56,091.65","55,297.86","","0.62%"
"02/27/2023","55,517.99","55,501.73","55,753.50","55,172.70","","0.25%"
"02/24/2023","55,379.46","55,846.05","55,991.02","55,406.77","","-0.54%"
"02/23/2023","55,678.42","55,965.91","56,280.07","55,671.57","","-0.34%"
"02/22/2023","55,869.66","56,156.79","56,581.34","55,839.90","","-0.33%"
"02/21/2023","56,053.45","56,292.03","56,444.95","55,906.50","","-0.28%"
"02/20/2023","56,210.00","56,424.45","56,590.63","56,147.49","","0.03%"
"02/17/2023","56,191.90","56,136.82","56,336.25","55,586.84","","0.34%"
"02/16/2023","55,999.06","56,078.05","56,499.63","55,856.92","","0.01%"
"02/15/2023","55,990.98","56,733.02","56,902.97","55,864.65","","-1.15%"
"02/14/2023","56,645.19","56,576.10","57,250.58","56,346.64","","0.22%"
"02/13/2023","56,522.91","56,959.68","57,074.09","56,484.00","","-0.44%"
"02/10/2023","56,773.72","56,780.21","57,105.62","56,507.06","","0.20%"
"02/09/2023","56,661.62","56,958.93","57,643.03","56,696.16","","-0.34%"
"02/08/2023","56,857.28","56,762.68","57,297.34","56,676.78","","0.37%"
"02/07/2023","56,646.45","56,429.73","57,098.78","56,381.00","","0.57%"
"02/06/2023","56,324.72","56,477.21","57,066.49","56,327.62","","-0.12%"
"02/03/2023","56,394.67","57,912.48","58,098.85","56,335.73","","-2.45%"
"02/02/2023","57,809.43","58,892.02","59,348.74","57,875.05","","-1.64%"
"02/01/2023","58,773.81","58,199.99","59,029.84","57,855.20","","1.22%"
"01/31/2023","58,066.23","57,858.13","58,282.25","57,123.98","","0.44%"
"01/30/2023","57,809.27","57,736.05","58,115.63","57,403.86","","0.52%"
"01/27/2023","57,511.53","57,667.18","57,841.50","57,288.54","","-0.07%"
"01/26/2023","57,553.30","58,206.41","58,263.71","57,351.30","","-0.87%"
"01/25/2023","58,059.99","57,794.70","58,229.32","57,356.42","","0.56%"
"01/24/2023","57,737.48","57,623.13","58,103.66","57,207.66","","0.31%"
"01/23/2023","57,557.97","57,574.17","57,857.70","57,056.77","","0.28%"
"01/20/2023","57,397.29","57,656.61","57,821.52","57,310.01","","-0.26%"
"01/19/2023","57,548.02","56,472.30","57,752.34","56,348.04","","2.10%"
"01/18/2023","56,363.43","56,457.77","57,186.14","55,910.59","","0.02%"
"01/17/2023","56,350.04","56,887.70","56,908.57","56,243.14","","-0.75%"
"01/16/2023","56,773.89","56,937.02","57,199.62","56,161.75","","0.23%"
"01/13/2023","56,646.20","55,985.31","56,802.21","55,902.72","","1.37%"
"01/12/2023","55,882.15","55,706.13","57,850.81","55,335.93","","0.56%"
"01/11/2023","55,573.49","51,933.16","60,709.95","51,800.00","","7.26%"
"01/10/2023","51,809.74","51,652.73","52,070.95","51,420.75","","0.47%"
"01/09/2023","51,568.37","50,740.39","52,029.19","50,716.87","","1.81%"
"01/06/2023","50,653.48","49,841.02","50,874.08","49,790.43","","1.78%"
"01/05/2023","49,766.49","49,075.89","50,372.48","48,668.54","","1.62%"
"01/04/2023","48,974.64","45,601.38","49,483.12","45,484.93","","7.49%"
"01/03/2023","45,561.00","45,142.12","45,843.29","45,099.68","","1.27%"
"01/02/2023","44,990.43","45,149.53","45,247.89","45,014.97","","-0.32%"
"12/30/2022","45,135.66","44,927.99","45,220.84","44,802.60","","0.55%"
"12/29/2022","44,887.27","44,726.98","45,066.98","44,578.29","","0.46%"
"12/28/2022","44,682.94","44,797.62","44,885.77","44,462.55","","0.01%"
"12/27/2022","44,678.86","44,467.14","45,284.82","44,430.32","","0.42%"
"12/26/2022","44,490.06","44,514.28","44,519.36","44,353.66","","-0.02%"
"12/23/2022","44,498.59","44,334.16","44,639.01","44,297.21","","0.48%"
"12/22/2022","44,284.81","44,875.05","45,056.84","44,103.35","","-1.24%"
"12/21/2022","44,841.59","44,891.16","45,126.17","44,710.70","","0.12%"
"12/20/2022","44,786.34","44,221.13","44,993.55","44,101.12","","1.39%"
"12/19/2022","44,174.15","44,325.96","44,472.98","44,054.82","","-0.02%"
"12/16/2022","44,181.18","43,919.07","44,301.82","43,788.37","","0.87%"
"12/15/2022","43,801.82","44,663.71","44,711.79","43,736.30","","-1.89%"
"12/14/2022","44,644.32","44,646.09","44,837.59","44,389.98","","0.15%"
"12/13/2022","44,575.87","43,916.86","45,010.43","43,860.52","","1.63%"
"12/12/2022","43,862.83","44,184.43","44,326.11","43,817.38","","-0.55%"
"12/09/2022","44,107.02","44,010.57","44,438.69","43,983.97","","0.45%"
"12/08/2022","43,910.54","44,018.11","44,224.14","43,800.59","","-0.21%"
"12/07/2022","44,003.59","43,527.29","44,137.23","43,484.10","","1.37%"
"12/06/2022","43,407.96","43,412.70","43,902.32","43,366.18","","0.16%"
"12/05/2022","43,339.07","44,246.59","44,552.25","43,356.41","","-1.73%"
"12/02/2022","44,100.03","44,294.02","44,338.12","43,682.86","","-0.28%"
"12/01/2022","44,221.70","43,433.62","44,377.26","43,395.54","","2.10%"
"11/30/2022","43,312.57","42,955.78","43,485.09","42,825.18","","1.04%"
"11/29/2022","42,865.69","42,789.92","43,279.43","42,726.76","","0.34%"
"11/28/2022","42,718.53","43,050.18","43,396.40","42,730.69","","-1.00%"
"11/25/2022","43,148.36","43,165.50","43,290.83","42,894.68","","0.07%"
"11/24/2022","43,119.37","42,962.56","43,241.73","42,944.68","","0.50%"
"11/23/2022","42,906.94","42,670.63","43,058.14","42,428.56","","0.83%"
"11/22/2022","42,552.51","42,624.46","42,978.75","42,562.65","","-0.03%"
"11/21/2022","42,566.06","42,842.70","42,918.39","42,463.74","","-0.75%"
"11/18/2022","42,886.13","43,156.70","43,342.16","42,828.57","","-0.60%"
"11/17/2022","43,145.93","43,431.77","43,465.91","42,923.46","","-0.54%"
"11/16/2022","43,382.26","43,504.36","43,757.98","43,250.45","","-0.18%"
"11/15/2022","43,460.48","43,309.96","43,683.00","43,148.43","","0.45%"
"11/14/2022","43,265.53","43,213.68","43,424.42","42,792.45","","0.38%"
"11/11/2022","43,103.71","42,819.02","43,247.64","42,605.82","","0.92%"
"11/10/2022","42,711.52","41,640.02","42,867.76","41,485.34","","2.72%"
"11/09/2022","41,581.80","41,693.38","42,065.72","41,448.61","","-0.12%"
"11/08/2022","41,630.11","40,750.73","41,807.93","40,454.61","","2.30%"
"11/07/2022","40,694.25","40,771.42","40,957.96","40,385.53","","0.04%"
"11/04/2022","40,677.05","39,516.98","40,792.74","39,484.73","","3.27%"
"11/03/2022","39,389.79","39,378.45","39,670.39","39,139.80","","0.24%"
"11/02/2022","39,294.34","39,878.59","40,278.76","39,356.75","","-1.25%"
"11/01/2022","39,790.75","39,486.12","40,164.89","39,344.77","","0.90%"
"10/31/2022","39,437.65","39,202.19","39,809.12","39,128.72","","3.84%"
"10/28/2022","37,979.85","38,502.31","38,601.26","37,905.63","","-1.09%"
"10/27/2022","38,396.82","32,786.20","38,567.81","32,663.27","","17.29%"
"10/26/2022","32,735.80","32,565.59","33,006.52","32,496.42","","0.65%"
"10/25/2022","32,523.36","32,423.01","32,789.25","32,206.48","","0.54%"
"10/24/2022","32,349.64","32,666.46","32,909.74","32,326.93","","0.03%"
"10/21/2022","32,338.42","31,935.68","32,542.82","31,721.52","","1.81%"
"10/20/2022","31,764.54","32,051.17","32,414.63","31,724.46","","-0.75%"
"10/19/2022","32,003.29","32,483.43","32,535.26","32,024.31","","-1.19%"
"10/18/2022","32,387.68","32,479.00","32,693.22","32,352.72","","-0.09%"
"10/17/2022","32,417.56","32,283.68","32,836.79","32,283.68","","0.58%"
"10/14/2022","32,230.48","32,760.77","32,871.84","32,240.36","","-1.35%"
"10/13/2022","32,672.56","32,936.57","33,130.61","32,313.14","","-0.63%"
"10/12/2022","32,879.85","32,796.94","33,049.07","32,695.82","","0.45%"
"10/11/2022","32,733.69","32,810.78","33,158.32","32,629.90","","-0.09%"
"10/10/2022","32,762.20","33,392.94","33,462.60","32,739.82","","-1.46%"
"10/07/2022","33,249.10","33,598.01","33,690.40","33,198.50","","-0.76%"
"10/06/2022","33,502.61","33,744.53","33,935.05","33,550.30","","-0.50%"
"10/05/2022","33,671.14","33,935.50","33,998.41","33,424.97","","-0.59%"
"10/04/2022","33,872.10","33,347.64","34,006.60","33,250.74","","1.87%"
"10/03/2022","33,249.23","32,461.74","33,389.24","32,307.38","","2.78%"
"09/30/2022","32,349.31","32,450.79","32,740.66","32,415.43","","-0.02%"
"09/29/2022","32,356.99","32,417.79","32,574.59","32,020.04","","0.00%"
"09/28/2022","32,356.01","31,752.63","32,481.73","31,470.52","","2.23%"
"09/27/2022","31,650.07","31,655.01","32,082.44","31,636.08","","0.23%"
"09/26/2022","31,576.89","32,068.77","32,196.11","31,621.83","","-1.27%"
"09/23/2022","31,982.32","32,571.36","32,676.86","31,955.73","","-1.60%"
"09/22/2022","32,503.84","32,606.09","32,884.02","32,173.63","","-0.08%"
"09/21/2022","32,530.70","32,361.17","32,885.17","32,222.76","","0.69%"
"09/20/2022","32,307.97","32,542.39","32,613.44","32,242.05","","-0.56%"
"09/19/2022","32,490.20","32,583.22","32,674.91","32,203.90","","-0.01%"
"09/16/2022","32,492.12","32,342.68","32,647.52","32,126.06","","0.62%"
"09/15/2022","32,291.11","32,883.76","32,934.41","32,246.20","","-1.51%"
"09/14/2022","32,785.85","32,933.16","33,130.85","32,798.39","","-0.22%"
"09/13/2022","32,857.45","33,386.18","33,564.05","32,820.19","","-1.39%"
"09/12/2022","33,318.93","33,173.35","33,605.45","33,045.81","","0.53%"
"09/09/2022","33,143.49","32,990.62","33,431.20","32,984.80","","0.49%"
"09/08/2022","32,983.22","33,110.35","33,386.70","32,862.48","","-0.20%"
"09/07/2022","33,048.01","32,768.54","33,140.95","32,532.11","","0.95%"
"09/06/2022","32,735.84","32,906.10","33,223.57","32,690.30","","-0.25%"
"09/05/2022","32,819.04","32,906.67","33,026.77","32,800.63","","-0.15%"
"09/02/2022","32,866.95","32,647.44","33,043.12","32,587.95","","0.86%"
"09/01/2022","32,587.97","32,909.73","32,926.68","32,458.56","","-0.79%"
"08/31/2022","32,846.99","33,161.71","33,216.17","32,833.86","","-0.77%"
"08/30/2022","33,102.48","33,369.63","33,448.76","33,060.05","","-0.62%"
"08/29/2022","33,309.71","33,343.64","33,517.48","32,973.96","","0.05%"
"08/26/2022","33,292.35","33,757.91","33,771.03","33,280.88","","-1.21%"
"08/25/2022","33,700.67","33,627.56","33,924.46","33,560.66","","0.30%"
"08/24/2022","33,598.24","33,509.46","33,712.99","33,374.47","","0.52%"
"08/23/2022","33,425.96","33,270.00","33,625.77","33,139.38","","0.50%"
"08/22/2022","33,260.98","33,490.86","33,534.23","33,081.74","","-0.31%"
"08/19/2022","33,364.21","33,673.75","33,701.72","33,420.50","","-0.75%"
"08/18/2022","33,616.59","33,740.21","33,954.78","33,615.31","","-0.01%"
"08/17/2022","33,619.60","34,003.49","34,130.78","33,660.88","","-0.95%"
"08/16/2022","33,943.54","34,079.26","34,167.48","33,903.28","","-0.24%"
"08/15/2022","34,023.85","34,473.14","34,482.47","33,912.73","","-1.24%"
"08/12/2022","34,449.76","34,270.76","34,524.88","34,173.48","","0.71%"
"08/11/2022","34,207.60","34,294.28","34,467.21","34,106.35","","-0.05%"
"08/10/2022","34,225.26","34,379.09","34,637.78","34,178.09","","-0.30%"
"08/09/2022","34,329.31","34,302.83","34,478.62","34,117.02","","0.17%"
"08/08/2022","34,269.38","33,893.03","34,319.19","33,842.59","","1.32%"
"08/05/2022","33,822.61","34,303.02","34,345.26","33,762.17","","-1.31%"
"08/04/2022","34,269.98","33,685.69","34,379.71","33,638.07","","2.05%"
"08/03/2022","33,582.05","33,521.37","33,871.17","33,391.34","","0.37%"
"08/02/2022","33,457.41","33,628.62","34,045.96","33,485.97","","-0.40%"
"08/01/2022","33,593.14","33,465.26","33,673.24","33,303.57","","0.83%"
"07/29/2022","33,316.61","33,221.37","33,453.80","33,151.37","","0.58%"
"07/28/2022","33,124.21","32,850.02","33,313.58","32,834.21","","1.02%"
"07/27/2022","32,788.46","32,563.71","32,966.98","32,380.93","","0.79%"
"07/26/2022","32,531.28","32,608.27","32,769.73","32,413.78","","-0.15%"
"07/25/2022","32,579.65","32,765.64","32,913.94","32,439.78","","0.01%"
"07/22/2022","32,575.09","32,516.45","32,907.27","32,408.63","","0.51%"
"07/21/2022","32,408.48","32,152.38","32,588.25","31,784.36","","0.87%"
"07/20/2022","32,127.73","32,368.30","32,490.68","32,073.51","","-0.42%"
"07/19/2022","32,263.80","32,335.28","32,537.93","32,210.30","","-0.12%"
"07/18/2022","32,301.87","32,211.87","32,589.24","32,173.18","","0.36%"
"07/15/2022","32,185.14","32,283.59","32,415.47","32,073.73","","-0.11%"
"07/14/2022","32,220.12","32,757.67","32,784.71","32,040.05","","-1.43%"
"07/13/2022","32,687.21","32,579.83","32,946.99","32,226.72","","0.49%"
"07/12/2022","32,529.26","32,738.41","32,917.20","32,528.94","","-0.45%"
"07/11/2022","32,677.04","32,870.35","32,909.11","32,681.49","","-0.39%"
"07/08/2022","32,805.42","32,862.10","33,052.09","32,689.01","","0.02%"
"07/07/2022","32,800.09","32,843.98","33,065.60","32,757.92","","0.08%"
"07/06/2022","32,775.38","33,285.12","33,501.39","32,704.12","","-1.20%"
"07/05/2022","33,172.38","34,121.80","34,191.93","33,266.32","","-2.67%"
"07/04/2022","34,083.76","34,088.73","34,195.73","33,946.85","","0.35%"
"07/01/2022","33,965.02","33,970.99","34,067.42","33,541.10","","0.23%"
"06/30/2022","33,888.67","34,174.95","34,326.86","33,881.39","","-0.60%"
"06/29/2022","34,092.01","34,202.13","34,513.43","34,002.74","","-0.18%"
"06/28/2022","34,152.28","34,221.30","34,399.06","34,113.60","","-0.08%"
"06/27/2022","34,179.79","34,492.81","34,570.16","34,152.65","","-0.24%"
"06/24/2022","34,263.59","34,222.99","34,398.53","34,108.56","","0.23%"
"06/23/2022","34,184.85","34,440.53","34,603.60","34,175.07","","-0.45%"
"06/22/2022","34,337.93","34,368.87","34,679.08","34,163.19","","0.16%"
"06/21/2022","34,282.15","34,515.48","34,611.64","34,280.37","","-0.59%"
"06/20/2022","34,486.28","34,567.32","34,680.38","34,386.97","","0.32%"
"06/17/2022","34,375.02","34,801.92","34,824.46","34,364.02","","-0.96%"
"06/16/2022","34,709.01","34,411.18","34,816.30","34,030.92","","1.05%"
"06/15/2022","34,348.36","33,888.40","34,560.35","33,829.03","","1.63%"
"06/14/2022","33,798.19","34,054.78","34,349.96","33,819.17","","-0.57%"
"06/13/2022","33,991.13","35,039.87","35,069.42","34,034.06","","-2.80%"
"06/10/2022","34,971.43","34,574.32","35,108.87","34,146.04","","1.27%"
"06/09/2022","34,531.49","34,635.67","34,701.56","34,370.29","","-0.07%"
"06/08/2022","34,557.03","34,611.64","34,761.46","34,439.47","","0.01%"
"06/07/2022","34,552.71","34,347.71","34,676.76","34,234.66","","0.75%"
"06/06/2022","34,294.04","34,482.24","34,667.04","34,329.42","","-0.38%"
"06/03/2022","34,424.24","34,811.95","34,918.24","34,410.00","","-0.80%"
"06/02/2022","34,703.54","34,401.26","34,897.74","34,347.21","","1.07%"
"06/01/2022","34,337.27","34,177.62","34,493.10","34,004.54","","0.61%"
"05/31/2022","34,129.42","34,538.24","34,579.13","34,124.80","","-1.04%"
"05/30/2022","34,488.44","34,441.62","34,680.86","34,362.00","","0.16%"
"05/27/2022","34,432.60","34,427.55","34,648.01","34,377.59","","0.16%"
"05/26/2022","34,378.07","34,484.85","34,506.89","34,140.74","","-0.14%"
"05/25/2022","34,424.84","34,593.46","34,614.52","34,280.95","","-0.22%"
"05/24/2022","34,501.65","34,116.17","34,632.23","34,013.96","","1.36%"
"05/23/2022","34,039.02","33,745.35","34,374.63","33,700.52","","1.03%"
"05/20/2022","33,692.05","33,672.60","33,810.60","33,495.37","","0.25%"
"05/19/2022","33,609.02","33,172.38","33,800.14","33,043.47","","1.63%"
"05/18/2022","33,069.47","33,179.52","33,361.38","33,002.23","","-0.11%"
"05/17/2022","33,106.78","33,343.25","33,607.60","33,135.71","","-0.52%"
"05/16/2022","33,280.52","33,160.34","33,401.87","32,683.33","","0.60%"
"05/13/2022","33,081.31","33,367.14","33,499.26","32,953.19","","-0.59%"
"05/12/2022","33,277.66","34,058.15","34,237.48","33,352.19","","-2.08%"
"05/11/2022","33,983.76","33,973.58","34,386.98","33,710.63","","0.33%"
"05/10/2022","33,871.88","34,262.90","34,550.09","33,919.32","","-0.84%"
"05/09/2022","34,158.23","34,878.48","34,918.46","34,213.17","","-1.57%"
"05/06/2022","34,701.66","34,686.82","34,981.28","34,480.84","","0.36%"
"05/05/2022","34,578.18","34,768.02","35,297.38","34,603.45","","-0.24%"
"05/04/2022","34,662.96","34,524.14","34,922.51","34,394.45","","0.72%"
"05/03/2022","34,414.15","34,430.05","34,708.87","34,194.12","","0.25%"
"05/02/2022","34,326.70","35,039.88","35,113.96","34,275.71","","-1.89%"
"04/29/2022","34,989.25","35,026.92","35,500.35","34,987.66","","0.13%"
"04/28/2022","34,944.16","34,890.28","35,124.21","34,611.00","","0.33%"
"04/27/2022","34,828.14","35,277.85","35,317.90","34,805.73","","-1.07%"
"04/26/2022","35,204.22","35,226.83","35,460.99","34,996.37","","0.19%"
"04/25/2022","35,135.96","35,879.76","35,946.90","35,097.92","","-1.96%"
"04/22/2022","35,839.27","36,257.31","36,341.10","35,794.66","","-1.02%"
"04/21/2022","36,208.57","36,200.21","36,309.98","35,899.65","","0.22%"
"04/20/2022","36,127.88","36,020.67","36,214.19","35,764.05","","0.48%"
"04/19/2022","35,955.20","36,475.07","36,636.66","35,901.91","","-1.29%"
"04/18/2022","36,425.29","36,320.10","36,854.90","36,286.96","","0.53%"
"04/15/2022","36,232.73","36,308.63","36,342.87","36,294.32","","0.08%"
"04/14/2022","36,202.53","36,414.35","36,595.99","36,062.29","","-0.29%"
"04/13/2022","36,308.00","36,385.55","36,675.60","36,286.78","","0.09%"
"04/12/2022","36,274.36","36,027.16","36,621.79","35,925.93","","0.90%"
"04/11/2022","35,950.13","35,730.17","36,292.97","35,598.40","","0.96%"
"04/08/2022","35,607.58","35,425.13","35,734.70","35,348.09","","0.81%"
"04/07/2022","35,322.93","35,254.84","35,544.32","35,160.18","","0.49%"
"04/06/2022","35,150.68","35,088.23","35,416.54","34,934.09","","0.50%"
"04/05/2022","34,977.37","35,251.47","35,471.91","34,979.61","","-0.48%"
"04/04/2022","35,147.81","35,130.28","35,368.27","34,958.71","","0.19%"
"04/01/2022","35,081.22","35,410.94","35,462.99","35,052.94","","-0.61%"
"03/31/2022","35,294.92","35,310.85","35,644.46","35,021.07","","0.26%"
"03/30/2022","35,204.50","35,165.78","35,458.29","34,968.97","","0.42%"
"03/29/2022","35,058.12","35,206.46","35,327.43","34,601.46","","-0.10%"
"03/28/2022","35,093.71","35,815.75","35,826.92","35,097.18","","-2.84%"
"03/25/2022","36,121.23","35,887.88","36,295.54","35,863.21","","0.95%"
"03/24/2022","35,781.09","35,714.61","36,035.52","35,411.66","","0.49%"
"03/23/2022","35,606.82","35,625.84","35,859.22","35,281.87","","0.03%"
"03/22/2022","35,594.85","35,274.76","35,863.66","35,146.74","","1.21%"
"03/21/2022","35,167.85","30,275.27","35,359.48","30,083.73","","16.77%"
"03/18/2022","30,117.99","30,541.68","30,583.36","30,149.89","","-1.11%"
"03/17/2022","30,455.11","30,282.63","30,682.29","30,235.79","","0.85%"
"03/16/2022","30,199.52","30,131.74","30,337.57","29,792.94","","0.58%"
"03/15/2022","30,024.76","30,702.98","30,771.00","29,954.77","","-2.04%"
"03/14/2022","30,649.13","31,271.46","31,347.61","30,632.56","","-1.29%"
"03/11/2022","31,049.91","31,387.91","31,427.81","30,733.52","","-0.79%"
"03/10/2022","31,297.12","31,361.41","31,610.76","31,003.33","","0.00%"
"03/09/2022","31,298.36","32,267.25","32,412.52","31,047.62","","-2.86%"
"03/08/2022","32,220.44","31,447.51","32,586.45","31,180.95","","2.62%"
"03/07/2022","31,398.97","31,089.84","31,541.65","30,803.57","","1.99%"
"03/04/2022","30,786.61","30,462.42","30,931.32","30,365.03","","1.24%"
"03/03/2022","30,408.12","30,317.85","30,558.64","30,145.07","","0.59%"
"03/02/2022","30,230.88","30,559.91","30,635.10","30,066.18","","-0.74%"
"03/01/2022","30,455.41","29,986.40","30,641.68","29,863.65","","1.91%"
"02/28/2022","29,883.82","30,174.43","30,307.87","29,701.21","","0.65%"
"02/25/2022","29,691.33","29,976.36","30,254.71","29,649.50","","-0.82%"
"02/24/2022","29,935.61","30,003.91","31,068.35","29,482.24","","0.03%"
"02/23/2022","29,925.22","29,830.95","30,040.95","29,690.01","","0.62%"
"02/22/2022","29,739.94","29,958.38","30,114.67","29,702.51","","-0.43%"
"02/21/2022","29,867.44","29,855.23","29,980.64","29,634.59","","0.17%"
"02/18/2022","29,815.51","29,867.32","29,941.14","29,678.67","","0.00%"
"02/17/2022","29,816.90","29,372.07","29,921.22","29,333.35","","1.86%"
"02/16/2022","29,271.52","29,140.89","29,427.30","29,064.66","","0.73%"
"02/15/2022","29,058.02","29,419.69","29,591.19","28,964.31","","-0.95%"
"02/14/2022","29,337.12","29,244.92","29,465.67","29,070.27","","0.72%"
"02/11/2022","29,126.96","28,699.10","29,309.00","28,604.64","","1.85%"
"02/10/2022","28,596.65","28,844.55","28,964.76","28,634.32","","-0.68%"
"02/09/2022","28,791.56","28,711.43","28,894.99","28,648.44","","0.52%"
"02/08/2022","28,641.94","28,600.80","28,770.95","28,492.87","","0.49%"
"02/07/2022","28,502.61","28,387.84","28,655.95","28,387.13","","0.38%"
"02/04/2022","28,395.73","28,398.47","28,565.89","28,198.16","","0.18%"
"02/03/2022","28,345.40","28,382.82","28,460.39","28,073.14","","0.20%"
"02/02/2022","28,288.07","28,296.03","28,500.43","28,189.25","","0.32%"
"02/01/2022","28,198.86","28,244.49","28,486.96","28,201.53","","0.22%"
"01/31/2022","28,137.40","28,139.70","28,298.42","28,033.98","","-0.06%"
"01/28/2022","28,155.05","28,291.13","28,329.18","28,015.33","","-0.32%"
"01/27/2022","28,245.54","28,634.77","28,686.24","28,190.04","","-1.22%"
"01/26/2022","28,595.25","29,089.03","29,125.98","28,566.46","","-1.55%"
"01/25/2022","29,044.11","28,954.80","29,181.73","28,822.23","","0.65%"
"01/24/2022","28,856.84","28,819.95","29,041.05","28,735.11","","0.45%"
"01/21/2022","28,726.85","28,952.32","29,015.13","28,727.68","","-0.63%"
"01/20/2022","28,908.92","28,913.11","29,093.20","28,829.92","","0.35%"
"01/19/2022","28,807.98","28,549.45","28,964.93","28,439.72","","1.06%"
"01/18/2022","28,504.92","28,597.71","28,672.49","28,364.91","","0.00%"
"01/17/2022","28,503.57","28,510.52","28,705.92","28,428.50","","0.29%"
"01/14/2022","28,421.31","28,599.69","28,707.41","28,463.74","","-0.27%"
"01/13/2022","28,498.62","28,709.38","28,775.18","28,459.17","","-0.46%"
"01/12/2022","28,630.22","28,616.97","28,767.25","28,501.20","","0.39%"
"01/11/2022","28,519.84","28,338.32","28,644.93","28,274.52","","0.85%"
"01/10/2022","28,278.21","28,196.85","28,365.64","28,126.13","","0.50%"
"01/07/2022","28,137.56","28,146.82","28,274.46","28,014.06","","0.30%"
"01/06/2022","28,052.43","28,448.41","28,473.85","28,067.49","","-1.07%"
"01/05/2022","28,356.28","28,543.75","28,781.25","28,412.36","","-0.42%"
"01/04/2022","28,476.50","28,367.37","28,578.75","28,253.52","","0.50%"
"01/03/2022","28,335.21","28,751.44","28,801.91","28,298.37","","-1.04%"